Area	Year	 Population 	 Population Rank 	 Peak Period Travelers (000) 	 Commuters (000) 	 Value of Time ($/hr) 	 Congested Travel (% of Peak VMT) 	 Congested System (% of lane-miles) 	 Total Delay (000 of hrs) 	 Total Delay Rank 	 Delay per Auto Commuter 	 Delay per Auto Commuter Rank 	 Annual Congestion Cost (mil) 	 Annual Congestion Cost Rank 	 Congestion Cost per Auto Commuter ($) 	 Congestion Cost per Auto Commuter Rank 	Annual Delay Increase if no PT (000 of hrs)	Annual Delay Increase if no PT per Auto Commuter (hrs)	Annual Congestion Cost Increase if no PT (mil $)
All 498 Area Average	1982	290		118	106	7.2	26	27	2246		15		21		147				
All 498 Area Average	1983	295		121	109	7.43	26	27	2466		18		24		159				
All 498 Area Average	1984	298		124	111	7.75	28	29	2700		19		27		178				
All 498 Area Average	1985	302		126	113	8.03	30	30	3127		21		32		207				
All 498 Area Average	1986	306		129	116	8.18	33	32	3602		23		36		230				
All 498 Area Average	1987	313		133	120	8.48	35	33	3999		25		42		257				
All 498 Area Average	1988	320		137	123	8.83	37	35	4600		28		50		299				
All 498 Area Average	1989	325		141	127	9.25	39	36	5048		30		58		336				
All 498 Area Average	1990	329		144	129	9.75	41	37	5346		32		64		367				
All 498 Area Average	1991	336		149	134	10.17	41	37	5475		32		69		377				
All 498 Area Average	1992	340		153	138	10.47	42	38	5829		32		75		403				
All 498 Area Average	1993	341		156	140	10.78	43	39	6153		33		81		429				
All 498 Area Average	1994	345		160	144	11.06	44	39	6410		34		87		446				
All 498 Area Average	1995	350		165	149	11.37	46	40	6867		35		97		479				
All 498 Area Average	1996	355		170	153	11.71	47	40	7309		36		106		513				
All 498 Area Average	1997	363		177	159	11.98	49	41	7726		38		114		531				
All 498 Area Average	1998	368		182	164	12.17	50	42	8036		38		119		538				
All 498 Area Average	1999	372		187	168	12.43	52	43	8626		39		131		574				
All 498 Area Average	2000	383		195	175	12.85	52	43	9029		39		145		609				
All 498 Area Average	2001	385		199	179	13.22	54	44	9440		40		155		639				
All 498 Area Average	2002	392		206	185	13.43	55	45	9972		41		166		662				
All 498 Area Average	2003	406		216	194	13.73	55	45	10583		41		180		685				
All 498 Area Average	2004	416		223	200	14.1	56	45	11270		43		201		739				
All 498 Area Average	2005	426		229	206	14.58	56	45	11865		43		224		802				
All 498 Area Average	2006	434		235	211	15.06	56	45	11931		43		236		822				
All 498 Area Average	2007	434		236	212	15.47	55	45	11799		42		243		858		1918	8	40.7
All 498 Area Average	2008	441		240	213	16.1	53	43	10499		38		222		782		1731	7	37.9
All 498 Area Average	2009	445		242	218	16.01	53	43	10900		38		230		782		1691	6	36.7
All 498 Area Average	2010	448		246	221	16.3	54	43	10957		38		234		785		1719	6	39.3
All 498 Area Average	2011	452		249	224	16.79	55	43	11085		38		243		818		1737	6	41.8
Atlanta GA	1982	2200	12	865	778	7.2	29	33	19939	13	15	18	193	13	199	17			
Atlanta GA	1983	2330	12	925	833	7.43	30	32	22068	12	15	19	218	13	213	17			
Atlanta GA	1984	2430	11	972	875	7.75	33	35	25322	12	18	15	257	12	242	18			
Atlanta GA	1985	2510	11	1012	910	8.03	34	35	29636	11	20	13	313	11	285	19			
Atlanta GA	1986	2600	12	1056	950	8.18	39	37	34677	11	22	15	359	11	316	16			
Atlanta GA	1987	2680	12	1096	987	8.48	43	42	39947	12	25	11	433	12	368	12			
Atlanta GA	1988	2740	12	1132	1018	8.83	44	42	43751	13	27	14	494	12	411	14			
Atlanta GA	1989	2795	12	1163	1046	9.25	45	42	43855	13	26	18	518	13	422	17			
Atlanta GA	1990	2840	12	1190	1071	9.75	47	43	45367	13	27	17	561	12	450	20			
Atlanta GA	1991	2900	12	1235	1112	10.17	48	43	53308	11	30	13	685	11	539	14			
Atlanta GA	1992	2970	11	1286	1157	10.47	51	45	62094	11	35	12	827	11	634	12			
Atlanta GA	1993	3060	11	1346	1212	10.78	56	48	73160	11	40	7	995	10	741	7			
Atlanta GA	1994	3150	11	1408	1267	11.06	60	50	83813	8	44	6	1181	9	855	6			
Atlanta GA	1995	3250	11	1476	1328	11.37	63	52	92904	7	47	6	1355	7	951	6			
Atlanta GA	1996	3330	11	1538	1385	11.71	64	52	102077	7	50	7	1546	7	1059	6			
Atlanta GA	1997	3450	11	1618	1456	11.98	67	53	111403	7	54	6	1713	6	1132	6			
Atlanta GA	1998	3575	11	1705	1535	12.17	70	56	123260	6	57	4	1901	6	1212	3			
Atlanta GA	1999	3690	11	1790	1611	12.43	74	58	126497	6	57	4	1987	6	1228	4			
Atlanta GA	2000	3775	11	1861	1675	12.85	76	59	137437	7	61	4	2305	7	1393	3			
Atlanta GA	2001	3850	11	1929	1736	13.22	76	61	143235	7	62	4	2457	7	1455	4			
Atlanta GA	2002	3900	11	1985	1787	13.43	79	62	150681	7	64	4	2601	7	1521	4			
Atlanta GA	2003	3940	10	2041	1837	13.73	77	58	155087	8	66	4	2752	7	1593	4			
Atlanta GA	2004	3980	10	2078	1870	14.1	77	58	157596	9	66	4	2949	7	1690	4			
Atlanta GA	2005	4020	9	2115	1903	14.58	76	58	165709	8	68	4	3289	7	1865	3			
Atlanta GA	2006	4070	9	2157	1941	15.06	76	58	162402	10	67	4	3370	7	1888	4			
Atlanta GA	2007	4130	9	2205	1985	15.47	75	58	148675	10	60	5	3190	9	1276	5	11448	6	286.8
Atlanta GA	2008	4170	9	2243	2019	16.1	74	56	134888	11	53	7	2939	11	1122	7	10647	5	272.5
Atlanta GA	2009	4200	9	2268	2041	16.01	74	56	135732	10	52	7	2949	9	1092	7	10054	5	251.1
Atlanta GA	2010	4304	8	2333	2099	16.3	77	58	140217	10	50	8	3095	9	1106	7	10385	5	229.2
Atlanta GA	2011	4360	8	2372	2135	16.79	78	59	142041	10	51	7	3135	9	1120	7	10520	5	232.2
Boston MA-NH-RI	1982	3450	6	1528	1376	7.2	23	27	31039	8	15	18	288	8	182	20			
Boston MA-NH-RI	1983	3475	6	1553	1398	7.43	24	27	32486	9	15	19	311	9	196	23			
Boston MA-NH-RI	1984	3485	7	1572	1415	7.75	27	28	37823	9	17	19	375	9	236	21			
Boston MA-NH-RI	1985	3500	7	1593	1433	8.03	31	30	44760	9	20	13	458	9	287	17			
Boston MA-NH-RI	1986	3510	7	1611	1450	8.18	32	30	46632	9	21	18	470	9	293	19			
Boston MA-NH-RI	1987	3530	7	1634	1471	8.48	38	35	56965	8	26	9	596	8	370	10			
Boston MA-NH-RI	1988	3560	8	1663	1496	8.83	42	37	73041	7	33	8	810	7	499	7			
Boston MA-NH-RI	1989	3600	8	1699	1529	9.25	47	38	75159	7	34	9	876	7	534	8			
Boston MA-NH-RI	1990	3610	8	1718	1547	9.75	49	38	73007	7	33	12	891	7	541	11			
Boston MA-NH-RI	1991	3620	8	1730	1557	10.17	49	38	74454	7	33	10	950	7	575	10			
Boston MA-NH-RI	1992	3630	8	1739	1565	10.47	50	38	86050	7	38	10	1114	7	673	9			
Boston MA-NH-RI	1993	3640	8	1751	1576	10.78	53	40	86238	7	38	11	1185	7	713	8			
Boston MA-NH-RI	1994	3655	8	1762	1586	11.06	53	39	89175	7	39	11	1244	7	746	10			
Boston MA-NH-RI	1995	3680	8	1781	1603	11.37	54	39	89218	8	39	16	1280	9	763	15			
Boston MA-NH-RI	1996	3700	8	1798	1618	11.71	54	39	93570	8	40	15	1380	8	818	15			
Boston MA-NH-RI	1997	3760	8	1831	1648	11.98	55	39	102022	8	44	12	1524	8	888	13			
Boston MA-NH-RI	1998	3880	7	1897	1708	12.17	58	41	110131	8	45	11	1641	9	927	11			
Boston MA-NH-RI	1999	3875	10	1903	1712	12.43	59	40	111615	10	46	13	1700	10	962	14			
Boston MA-NH-RI	2000	3900	8	1919	1727	12.85	59	40	119993	8	49	11	1942	9	1091	11			
Boston MA-NH-RI	2001	3940	9	1946	1752	13.22	59	40	124765	10	50	11	2074	10	1154	10			
Boston MA-NH-RI	2002	3970	9	1965	1769	13.43	59	40	137466	9	55	6	2279	9	1258	6			
Boston MA-NH-RI	2003	4000	9	1984	1786	13.73	56	39	143164	9	57	6	2436	9	1335	7			
Boston MA-NH-RI	2004	4050	8	2013	1812	14.1	59	40	158729	8	63	5	2833	9	1534	5			
Boston MA-NH-RI	2005	4120	8	2056	1850	14.58	59	40	165227	9	64	5	3108	9	1654	5			
Boston MA-NH-RI	2006	4200	8	2108	1898	15.06	59	40	164448	9	63	5	3225	10	1683	5			
Boston MA-NH-RI	2007	4205	8	2115	1904	15.47	58	40	153481	9	58	6	3114	10	1199	6	44203	23	"1,007.70"
Boston MA-NH-RI	2008	4210	8	2122	1910	16.1	58	40	140860	10	56	5	2976	10	1198	5	41579	22	"1,010.40"
Boston MA-NH-RI	2009	4252	8	2152	1936	16.01	57	39	137864	9	54	5	2898	10	1141	6	38189	20	904.8
Boston MA-NH-RI	2010	4294	9	2177	1959	16.3	56	39	136142	11	53	5	2904	11	1140	6	37715	19	804.5
Boston MA-NH-RI	2011	4320	9	2199	1979	16.79	56	39	136966	11	53	5	2922	11	1147	6	37943	19	809.4
Chicago IL-IN	1982	7080	3	2705	2275	7.2	34	36	54463	3	13	23	561	3	175	23			
Chicago IL-IN	1983	7100	3	2741	2305	7.43	34	36	54325	4	13	30	570	4	177	29			
Chicago IL-IN	1984	7100	3	2762	2323	7.75	39	41	65963	4	15	27	719	4	224	25			
Chicago IL-IN	1985	7150	3	2810	2363	8.03	45	42	83492	4	19	18	946	4	292	15			
Chicago IL-IN	1986	7195	3	2849	2396	8.18	50	47	95495	4	21	18	1058	4	324	14			
Chicago IL-IN	1987	7240	3	2896	2436	8.48	51	47	98015	4	22	20	1124	4	342	17			
Chicago IL-IN	1988	7330	3	2961	2490	8.83	54	47	106595	4	24	19	1264	4	380	18			
Chicago IL-IN	1989	7405	3	3014	2535	9.25	59	51	123217	4	27	15	1536	4	458	14			
Chicago IL-IN	1990	7510	3	3087	2596	9.75	60	52	126628	4	28	15	1673	4	491	14			
Chicago IL-IN	1991	7515	3	3156	2654	10.17	61	52	129487	4	28	16	1784	4	524	16			
Chicago IL-IN	1992	7515	3	3224	2711	10.47	62	52	135486	4	29	18	1912	4	561	14			
Chicago IL-IN	1993	7600	3	3329	2800	10.78	61	55	136638	4	29	22	1984	4	576	17			
Chicago IL-IN	1994	7700	3	3442	2895	11.06	62	55	138965	4	29	29	2070	3	593	21			
Chicago IL-IN	1995	7745	3	3532	2970	11.37	68	56	157208	3	33	23	2436	3	694	20			
Chicago IL-IN	1996	7880	3	3672	3088	11.71	73	57	177782	3	37	19	2860	3	800	17			
Chicago IL-IN	1997	7950	3	3784	3183	11.98	73	57	181412	3	37	20	2927	3	812	17			
Chicago IL-IN	1998	8060	3	3917	3294	12.17	74	57	193544	3	39	19	3131	3	857	16			
Chicago IL-IN	1999	8075	3	4005	3368	12.43	74	57	194870	3	39	23	3219	3	879	21			
Chicago IL-IN	2000	8090	3	4094	3443	12.85	74	57	194805	3	39	28	3422	3	932	21			
Chicago IL-IN	2001	8150	3	4214	3544	13.22	75	57	201055	3	41	27	3583	3	970	23			
Chicago IL-IN	2002	8210	3	4335	3646	13.43	80	62	236348	3	47	17	4265	3	1145	13			
Chicago IL-IN	2003	8275	3	4402	3702	13.73	81	62	246984	3	49	16	4556	3	1214	12			
Chicago IL-IN	2004	8340	3	4462	3752	14.1	82	62	263090	3	52	11	5062	3	1338	9			
Chicago IL-IN	2005	8400	3	4519	3801	14.58	82	63	280957	3	55	9	5697	3	1496	8			
Chicago IL-IN	2006	8420	3	4547	3824	15.06	80	62	273701	3	53	13	5810	3	1522	8			
Chicago IL-IN	2007	8440	3	4566	3840	15.47	79	62	261581	3	54	9	5786	3	1165	7	67490	18	"1,763.00"
Chicago IL-IN	2008	8460	3	4585	3856	16.1	78	62	240401	3	48	9	5459	3	1073	9	63574	16	"1,731.60"
Chicago IL-IN	2009	8519	3	4634	3897	16.01	89	71	275183	3	53	6	6200	3	1165	5	68292	18	"1,776.20"
Chicago IL-IN	2010	8583	3	4678	3934	16.3	88	70	271023	3	51	6	6198	3	1150	5	67260	17	"1,538.20"
Chicago IL-IN	2011	8605	3	4707	3959	16.79	88	70	271718	3	51	7	6214	3	1153	5	67432	17	"1,542.10"
Detroit MI	1982	3810	5	1543	1447	7.2	35	37	42639	5	17	15	426	5	221	15			
Detroit MI	1983	3830	5	1566	1469	7.43	35	37	43225	5	17	15	442	5	227	15			
Detroit MI	1984	3850	5	1586	1488	7.75	37	37	47598	6	18	15	505	5	258	15			
Detroit MI	1985	3880	5	1614	1514	8.03	39	38	51527	6	19	18	564	6	287	17			
Detroit MI	1986	3885	5	1628	1527	8.18	43	39	62302	6	23	11	670	6	340	11			
Detroit MI	1987	3890	5	1645	1543	8.48	44	40	63903	7	24	14	714	6	361	14			
Detroit MI	1988	3900	5	1665	1562	8.83	47	40	78741	6	30	10	908	5	459	10			
Detroit MI	1989	3915	5	1683	1579	9.25	50	41	81720	6	30	12	993	5	501	12			
Detroit MI	1990	3970	5	1723	1616	9.75	51	41	90268	5	34	9	1155	5	573	9			
Detroit MI	1991	3985	5	1761	1652	10.17	53	41	95296	6	35	8	1266	5	627	8			
Detroit MI	1992	4005	6	1802	1691	10.47	56	42	105349	6	39	7	1435	6	707	7			
Detroit MI	1993	4010	6	1837	1723	10.78	59	46	112695	6	41	6	1570	6	773	6			
Detroit MI	1994	4010	6	1869	1753	11.06	59	46	106371	6	39	11	1510	6	743	11			
Detroit MI	1995	4015	6	1903	1785	11.37	59	46	105712	6	39	16	1545	6	759	16			
Detroit MI	1996	4015	6	1935	1815	11.71	61	47	109934	6	40	15	1663	6	817	16			
Detroit MI	1997	4020	6	1974	1851	11.98	63	48	112259	6	41	16	1710	7	839	14			
Detroit MI	1998	4020	6	2010	1885	12.17	64	48	113352	7	41	17	1735	7	851	17			
Detroit MI	1999	4025	6	2049	1922	12.43	67	52	117826	8	44	17	1832	8	898	19			
Detroit MI	2000	4025	7	2085	1956	12.85	67	52	119275	9	44	18	1962	8	962	18			
Detroit MI	2001	4030	7	2124	1992	13.22	68	53	127908	9	47	15	2128	9	1041	14			
Detroit MI	2002	4035	8	2163	2029	13.43	71	57	135336	10	50	13	2267	10	1108	15			
Detroit MI	2003	4040	8	2206	2069	13.73	71	57	140272	10	51	15	2417	10	1179	16			
Detroit MI	2004	4040	9	2226	2088	14.1	71	57	139060	11	51	15	2502	11	1221	18			
Detroit MI	2005	4020	9	2231	2093	14.58	71	57	135544	11	50	17	2590	11	1271	21			
Detroit MI	2006	4000	10	2236	2097	15.06	71	57	139791	11	51	16	2795	11	1378	16			
Detroit MI	2007	3970	10	2223	2085	15.47	71	57	137269	11	50	16	2845	11	1034	16	3157	2	74.6
Detroit MI	2008	3930	11	2205	2068	16.1	67	52	118052	12	44	14	2530	12	942	17	2783	1	68.3
Detroit MI	2009	3900	12	2196	2060	16.01	61	47	107060	12	39	26	2267	12	829	29	2369	1	56.3
Detroit MI	2010	3873	12	2184	2049	16.3	60	47	106544	12	40	25	2289	12	860	27	2357	1	50.6
Detroit MI	2011	3869	12	2190	2054	16.79	60	47	106434	12	40	25	2287	12	859	27	2355	1	50.6
Houston TX	1982	2400	11	1195	1114	7.2	44	31	33401	7	22	7	322	7	278	6			
Houston TX	1983	2405	11	1207	1125	7.43	46	31	41600	7	27	3	410	7	352	3			
Houston TX	1984	2410	12	1219	1137	7.75	51	32	48381	5	31	3	496	6	425	3			
Houston TX	1985	2415	12	1234	1150	8.03	50	32	47304	8	30	5	498	8	426	5			
Houston TX	1986	2790	11	1437	1339	8.18	51	33	50157	8	28	6	521	8	386	6			
Houston TX	1987	2820	11	1464	1364	8.48	49	36	44487	10	24	14	477	10	350	16			
Houston TX	1988	2850	11	1491	1389	8.83	48	36	47933	11	26	16	532	11	386	16			
Houston TX	1989	2880	11	1521	1417	9.25	50	36	49990	11	27	15	581	11	417	18			
Houston TX	1990	2900	11	1543	1438	9.75	52	36	52170	11	28	15	636	11	454	19			
Houston TX	1991	2925	11	1565	1458	10.17	53	36	48591	12	26	21	617	12	436	25			
Houston TX	1992	2935	12	1579	1472	10.47	50	35	46711	13	24	33	608	13	428	34			
Houston TX	1993	2960	12	1601	1492	10.78	49	35	48062	13	25	40	640	13	448	41			
Houston TX	1994	2975	12	1618	1508	11.06	50	35	53373	13	28	32	728	13	506	39			
Houston TX	1995	3040	12	1666	1553	11.37	51	35	55419	14	28	41	781	14	530	45			
Houston TX	1996	3135	12	1727	1610	11.71	54	37	61300	13	30	37	894	13	589	42			
Houston TX	1997	3225	12	1787	1665	11.98	57	37	73401	13	35	25	1080	13	692	31			
Houston TX	1998	3320	12	1849	1723	12.17	60	42	76260	13	36	26	1126	13	701	36			
Houston TX	1999	3410	12	1910	1780	12.43	62	42	83339	13	38	30	1258	13	763	35			
Houston TX	2000	3500	12	1974	1840	12.85	62	42	90568	13	40	24	1445	13	853	30			
Houston TX	2001	3630	12	2058	1918	13.22	65	45	101212	12	43	23	1649	12	939	26			
Houston TX	2002	3720	12	2120	1976	13.43	65	46	106126	12	44	22	1742	12	969	26			
Houston TX	2003	3750	12	2153	2006	13.73	68	47	104912	12	43	29	1774	12	978	32			
Houston TX	2004	3770	12	2175	2027	14.1	68	47	113871	12	47	21	2008	12	1102	28			
Houston TX	2005	3790	12	2198	2049	14.58	71	47	121110	12	49	20	2267	12	1236	25			
Houston TX	2006	3800	12	2219	2068	15.06	71	49	121654	12	49	19	2384	12	1297	23			
Houston TX	2007	3815	12	2232	2080	15.47	71	49	119756	12	47	22	2453	12	936	25	5748	3	135.2
Houston TX	2008	3825	12	2241	2089	16.1	67	47	141309	9	55	6	3009	9	1148	6	6952	3	173.6
Houston TX	2009	3921	11	2306	2149	16.01	64	45	134765	11	50	8	2851	11	1039	9	6222	3	150.3
Houston TX	2010	4056	11	2389	2227	16.3	68	48	143254	9	51	6	3065	10	1071	8	6614	3	141.5
Houston TX	2011	4129	10	2440	2274	16.79	69	49	145832	9	52	6	3120	10	1090	8	6733	3	144.1
Indianapolis IN	1982	860	35	357	332	7.2	24	29	9382	23	17	15	99	22	237	11			
Indianapolis IN	1983	860	35	361	336	7.43	24	29	9833	23	17	15	104	22	254	13			
Indianapolis IN	1984	860	36	364	338	7.75	24	29	10017	24	19	14	110	24	267	14			
Indianapolis IN	1985	865	36	368	342	8.03	25	29	10943	24	20	13	124	24	297	14			
Indianapolis IN	1986	895	36	384	357	8.18	29	30	12326	24	22	15	137	24	318	15			
Indianapolis IN	1987	925	36	401	372	8.48	34	35	12546	26	20	23	144	25	326	19			
Indianapolis IN	1988	930	36	405	377	8.83	36	37	12844	31	22	22	154	28	342	21			
Indianapolis IN	1989	935	36	411	382	9.25	36	37	13753	32	22	26	172	29	383	22			
Indianapolis IN	1990	945	36	419	389	9.75	42	42	16539	29	27	17	218	26	479	16			
Indianapolis IN	1991	950	36	428	397	10.17	45	44	18461	29	30	13	252	26	554	11			
Indianapolis IN	1992	955	36	437	406	10.47	49	45	21609	28	36	11	303	26	662	10			
Indianapolis IN	1993	960	38	446	415	10.78	55	52	28689	23	46	5	415	21	898	5			
Indianapolis IN	1994	970	38	459	426	11.06	61	53	32876	23	52	4	488	21	1048	3			
Indianapolis IN	1995	985	38	473	439	11.37	62	54	34574	24	54	4	530	21	1119	4			
Indianapolis IN	1996	1010	39	493	458	11.71	62	54	36428	25	56	4	576	23	1187	4			
Indianapolis IN	1997	1015	39	503	468	11.98	66	55	39392	25	59	4	632	24	1296	2			
Indianapolis IN	1998	1015	39	512	475	12.17	63	51	34696	28	52	6	559	26	1149	6			
Indianapolis IN	1999	1020	39	522	485	12.43	63	51	33627	29	51	8	554	29	1131	6			
Indianapolis IN	2000	1020	39	531	494	12.85	63	55	34091	29	52	8	600	28	1224	5			
Indianapolis IN	2001	1030	39	545	506	13.22	63	55	34827	28	52	8	620	27	1253	7			
Indianapolis IN	2002	1040	39	560	520	13.43	63	55	36831	28	54	8	658	27	1317	5			
Indianapolis IN	2003	1050	39	573	533	13.73	62	55	36764	32	54	8	678	31	1346	6			
Indianapolis IN	2004	1060	38	582	541	14.1	62	55	36779	32	54	7	707	31	1389	7			
Indianapolis IN	2005	1090	37	602	559	14.58	62	55	36354	34	51	15	740	33	1415	11			
Indianapolis IN	2006	1120	37	623	579	15.06	61	55	35913	35	49	19	762	32	1416	13			
Indianapolis IN	2007	1150	38	644	598	15.47	60	59	35248	34	47	22	775	33	1024	19	634	1	16.9
Indianapolis IN	2008	1175	38	663	616	16.1	59	54	33434	35	42	21	760	34	953	16	617	1	17.3
Indianapolis IN	2009	1200	38	679	631	16.01	60	55	33806	36	42	18	775	32	945	17	585	1	15.9
Indianapolis IN	2010	1223	38	695	645	16.3	62	56	34872	36	41	23	810	31	922	17	604	1	14
Indianapolis IN	2011	1234	38	703	653	16.79	62	57	35186	35	41	23	817	32	930	18	609	1	14.1
Los Angeles-Long Beach-Santa Ana CA	1982	9900	2	3990	3611	7.2	59	38	229253	1	37	1	2131	1	466	1			
Los Angeles-Long Beach-Santa Ana CA	1983	9900	2	4019	3638	7.43	59	38	231883	1	37	1	2196	1	480	1			
Los Angeles-Long Beach-Santa Ana CA	1984	9900	2	4059	3673	7.75	59	38	239540	1	39	1	2354	1	515	1			
Los Angeles-Long Beach-Santa Ana CA	1985	10500	2	4347	3934	8.03	63	43	289566	1	43	2	2928	1	603	2			
Los Angeles-Long Beach-Santa Ana CA	1986	10710	2	4477	4051	8.18	70	48	348266	1	52	1	3462	1	699	1			
Los Angeles-Long Beach-Santa Ana CA	1987	10920	2	4597	4161	8.48	77	52	418761	1	61	1	4334	1	858	1			
Los Angeles-Long Beach-Santa Ana CA	1988	11140	2	4735	4285	8.83	80	57	482236	1	69	1	5167	1	1004	1			
Los Angeles-Long Beach-Santa Ana CA	1989	11305	2	4850	4389	9.25	80	57	522918	1	74	1	5911	1	1131	1			
Los Angeles-Long Beach-Santa Ana CA	1990	11420	2	4945	4475	9.75	82	57	542582	1	76	1	6465	1	1224	1			
Los Angeles-Long Beach-Santa Ana CA	1991	11760	2	5174	4683	10.17	82	57	529409	1	72	1	6554	1	1205	1			
Los Angeles-Long Beach-Santa Ana CA	1992	11845	2	5295	4792	10.47	82	58	525806	1	71	1	6768	1	1236	1			
Los Angeles-Long Beach-Santa Ana CA	1993	11950	2	5437	4921	10.78	77	54	500908	1	66	1	6611	1	1197	1			
Los Angeles-Long Beach-Santa Ana CA	1994	12000	2	5544	5017	11.06	77	54	487504	1	64	1	6557	1	1182	1			
Los Angeles-Long Beach-Santa Ana CA	1995	12090	2	5682	5142	11.37	80	54	501994	1	66	1	6997	1	1251	1			
Los Angeles-Long Beach-Santa Ana CA	1996	12220	2	5829	5275	11.71	80	54	522973	1	68	1	7491	1	1326	1			
Los Angeles-Long Beach-Santa Ana CA	1997	12280	2	5956	5390	11.98	82	58	535449	1	69	1	7863	1	1385	1			
Los Angeles-Long Beach-Santa Ana CA	1998	12310	2	6069	5492	12.17	83	58	530757	1	69	1	7815	1	1373	1			
Los Angeles-Long Beach-Santa Ana CA	1999	12360	2	6192	5604	12.43	85	62	555501	1	72	1	8470	1	1482	1			
Los Angeles-Long Beach-Santa Ana CA	2000	12400	2	6324	5723	12.85	85	62	558676	1	72	1	8952	1	1562	1			
Los Angeles-Long Beach-Santa Ana CA	2001	12450	2	6449	5836	13.22	85	62	581642	1	75	1	9643	1	1675	1			
Los Angeles-Long Beach-Santa Ana CA	2002	12500	2	6588	5962	13.43	85	62	594038	1	76	1	9862	1	1706	1			
Los Angeles-Long Beach-Santa Ana CA	2003	12550	2	6714	6076	13.73	85	62	586229	1	75	2	10015	1	1726	1			
Los Angeles-Long Beach-Santa Ana CA	2004	12615	2	6787	6142	14.1	86	62	612777	1	78	2	10990	1	1884	2			
Los Angeles-Long Beach-Santa Ana CA	2005	12650	2	6856	6205	14.58	85	61	618938	1	78	2	11691	2	1999	2			
Los Angeles-Long Beach-Santa Ana CA	2006	12700	2	6909	6252	15.06	85	61	632212	1	79	2	12474	1	2124	2			
Los Angeles-Long Beach-Santa Ana CA	2007	12800	2	6976	6313	15.47	86	61	601358	1	75	3	12365	1	1533	3	40291	6	937
Los Angeles-Long Beach-Santa Ana CA	2008	12930	2	7060	6389	16.1	86	57	459579	2	57	3	9839	2	1216	4	31565	5	776.9
Los Angeles-Long Beach-Santa Ana CA	2009	13033	2	7142	6464	16.01	92	61	491654	2	60	2	10370	2	1256	2	31689	5	752.1
Los Angeles-Long Beach-Santa Ana CA	2010	13124	2	7205	6521	16.3	93	62	497898	2	61	2	10699	2	1290	2	32088	5	689.5
Los Angeles-Long Beach-Santa Ana CA	2011	13229	2	7289	6597	16.79	94	62	501881	2	61	2	10785	2	1300	2	32345	5	695
Miami FL	1982	3370	7	1402	1274	7.2	33	56	27174	10	12	30	263	10	154	32			
Miami FL	1983	3415	7	1434	1304	7.43	34	57	27967	10	12	36	277	10	160	36			
Miami FL	1984	3495	6	1478	1344	7.75	34	61	28309	10	12	39	289	10	164	42			
Miami FL	1985	3580	6	1529	1390	8.03	39	65	34576	10	15	32	364	10	201	35			
Miami FL	1986	3635	6	1567	1424	8.18	44	61	42246	10	18	23	438	10	238	29			
Miami FL	1987	3670	6	1596	1451	8.48	50	64	51494	9	22	20	553	9	298	23			
Miami FL	1988	3755	6	1648	1498	8.83	57	66	64461	9	27	14	716	9	377	19			
Miami FL	1989	3860	6	1710	1554	9.25	58	62	65949	9	26	18	770	9	395	21			
Miami FL	1990	3910	6	1748	1589	9.75	60	65	69809	8	27	17	854	8	433	21			
Miami FL	1991	3965	6	1804	1640	10.17	58	62	68887	10	27	18	877	10	438	24			
Miami FL	1992	4030	5	1866	1696	10.47	61	59	78383	8	29	18	1025	8	503	22			
Miami FL	1993	4080	5	1922	1747	10.78	60	59	78206	9	29	22	1052	9	510	26			
Miami FL	1994	4120	5	1973	1794	11.06	62	59	82052	10	30	25	1125	10	541	29			
Miami FL	1995	4280	5	2089	1899	11.37	64	59	87841	9	32	27	1247	10	577	32			
Miami FL	1996	4395	5	2184	1986	11.71	64	59	92291	9	32	32	1351	9	609	38			
Miami FL	1997	4460	5	2252	2047	11.98	63	54	99352	9	34	32	1475	9	655	38			
Miami FL	1998	4525	5	2326	2114	12.17	63	54	104976	10	35	33	1564	10	685	40			
Miami FL	1999	4620	5	2416	2196	12.43	69	59	122025	7	40	22	1856	7	796	30			
Miami FL	2000	4870	5	2596	2360	12.85	74	63	146693	6	46	14	2352	6	957	19			
Miami FL	2001	4965	5	2691	2446	13.22	77	68	157715	6	49	12	2593	6	1034	16			
Miami FL	2002	5000	5	2760	2509	13.43	77	72	167998	6	51	12	2770	6	1097	17			
Miami FL	2003	5100	5	2861	2601	13.73	80	73	177925	6	54	8	3014	6	1171	17			
Miami FL	2004	5270	5	2972	2702	14.1	82	74	185342	6	54	7	3302	6	1242	14			
Miami FL	2005	5330	4	3022	2747	14.58	84	75	190617	6	55	9	3590	5	1334	15			
Miami FL	2006	5340	4	3044	2767	15.06	84	75	187512	6	54	9	3691	5	1369	18			
Miami FL	2007	5340	4	3049	2772	15.47	82	71	183311	6	51	14	3755	6	1030	17	12648	5	296.5
Miami FL	2008	5350	4	3060	2782	16.1	81	70	150048	7	43	17	3197	7	876	25	10612	4	261.7
Miami FL	2009	5350	4	3071	2791	16.01	94	81	173199	4	47	12	3655	4	977	15	11495	4	275.5
Miami FL	2010	5391	4	3100	2818	16.3	93	80	171713	5	46	11	3687	5	977	13	11397	4	244.7
Miami FL	2011	5482	4	3163	2875	16.79	94	81	174612	5	47	11	3749	5	993	13	11589	4	248.8
Nashville-Davidson TN	1982	525	52	218	202	7.2	27	34	7924	26	23	4	77	26	285	5			
Nashville-Davidson TN	1983	525	52	221	205	7.43	27	34	8076	27	23	4	80	26	297	6			
Nashville-Davidson TN	1984	530	53	224	208	7.75	27	35	8141	28	23	7	84	26	309	8			
Nashville-Davidson TN	1985	530	54	226	210	8.03	27	35	8045	33	23	8	85	32	316	11			
Nashville-Davidson TN	1986	535	54	230	213	8.18	29	35	9868	30	28	6	102	29	376	7			
Nashville-Davidson TN	1987	540	55	234	217	8.48	33	40	12195	28	33	5	132	29	481	5			
Nashville-Davidson TN	1988	540	55	235	219	8.83	36	40	14791	26	41	5	165	25	602	5			
Nashville-Davidson TN	1989	550	55	242	225	9.25	34	39	14022	31	37	6	163	32	587	6			
Nashville-Davidson TN	1990	565	54	250	233	9.75	32	39	13393	36	34	9	165	36	573	9			
Nashville-Davidson TN	1991	575	54	259	240	10.17	31	39	12663	38	33	10	162	38	554	11			
Nashville-Davidson TN	1992	590	55	270	251	10.47	30	35	12031	43	30	14	159	43	533	16			
Nashville-Davidson TN	1993	605	55	281	261	10.78	29	35	12746	43	32	16	175	42	571	18			
Nashville-Davidson TN	1994	615	55	291	270	11.06	36	40	16943	37	41	8	239	38	767	8			
Nashville-Davidson TN	1995	640	54	307	285	11.37	37	40	19008	37	44	9	277	37	851	7			
Nashville-Davidson TN	1996	665	52	325	301	11.71	37	40	19813	38	44	11	300	38	889	9			
Nashville-Davidson TN	1997	700	51	347	323	11.98	40	42	22287	36	48	10	344	36	969	10			
Nashville-Davidson TN	1998	740	49	373	346	12.17	37	40	21113	40	42	16	325	38	866	15			
Nashville-Davidson TN	1999	780	49	399	371	12.43	39	42	23463	39	45	15	372	38	940	15			
Nashville-Davidson TN	2000	815	47	425	394	12.85	40	42	26254	38	48	12	443	36	1072	12			
Nashville-Davidson TN	2001	850	47	450	418	13.22	44	42	28245	37	49	12	483	35	1120	12			
Nashville-Davidson TN	2002	900	45	484	450	13.43	44	42	32529	33	53	11	565	33	1237	9			
Nashville-Davidson TN	2003	940	42	513	477	13.73	44	40	36177	33	57	6	648	33	1357	5			
Nashville-Davidson TN	2004	965	42	530	492	14.1	44	44	37482	31	57	6	705	32	1438	6			
Nashville-Davidson TN	2005	995	42	549	510	14.58	44	44	38662	32	57	7	766	32	1518	7			
Nashville-Davidson TN	2006	1005	43	559	519	15.06	41	44	36771	33	54	9	761	33	1493	11			
Nashville-Davidson TN	2007	1025	42	574	533	15.47	41	43	35815	33	52	11	776	32	1114	11	716	1	18.7
Nashville-Davidson TN	2008	1050	41	592	550	16.1	41	42	30862	36	44	14	685	36	959	15	633	1	17.1
Nashville-Davidson TN	2009	1100	39	623	578	16.01	45	46	33906	35	46	14	754	34	1003	14	652	1	17
Nashville-Davidson TN	2010	1129	39	641	596	16.3	47	48	35281	34	46	11	790	33	1020	11	679	1	15.2
Nashville-Davidson TN	2011	1145	39	653	606	16.79	48	49	35781	33	47	11	801	34	1034	11	688	1	15.4
New York-Newark NY-NJ-CT	1982	15500	1	5503	3670	7.2	25	41	102743	2	11	36	1023	2	143	40			
New York-Newark NY-NJ-CT	1983	15375	1	5520	3682	7.43	26	41	110278	2	12	36	1122	2	158	38			
New York-Newark NY-NJ-CT	1984	15340	1	5553	3704	7.75	27	41	109675	2	12	39	1156	2	163	43			
New York-Newark NY-NJ-CT	1985	15400	1	5621	3749	8.03	29	41	124673	2	13	43	1352	2	191	39			
New York-Newark NY-NJ-CT	1986	15500	1	5704	3805	8.18	31	41	128024	2	14	39	1358	2	190	47			
New York-Newark NY-NJ-CT	1987	15580	1	5796	3866	8.48	33	42	139389	2	15	42	1536	2	214	42			
New York-Newark NY-NJ-CT	1988	15750	1	5906	3939	8.83	40	44	194082	2	21	25	2227	2	307	27			
New York-Newark NY-NJ-CT	1989	15840	1	6003	4004	9.25	44	45	222927	2	23	22	2694	2	369	23			
New York-Newark NY-NJ-CT	1990	15925	1	6083	4058	9.75	45	45	238708	2	25	22	3023	2	412	25			
New York-Newark NY-NJ-CT	1991	15975	1	6198	4134	10.17	45	45	222695	2	23	33	2940	2	400	32			
New York-Newark NY-NJ-CT	1992	16015	1	6310	4209	10.47	45	45	223284	2	23	37	3035	2	412	38			
New York-Newark NY-NJ-CT	1993	16115	1	6446	4299	10.78	46	45	235508	2	24	43	3278	2	441	43			
New York-Newark NY-NJ-CT	1994	16185	1	6571	4383	11.06	47	45	266222	2	27	37	3789	2	508	38			
New York-Newark NY-NJ-CT	1995	16270	1	6703	4471	11.37	50	46	294324	2	29	35	4345	2	580	30			
New York-Newark NY-NJ-CT	1996	16320	1	6822	4550	11.71	52	46	310010	2	32	32	4715	2	627	35			
New York-Newark NY-NJ-CT	1997	16335	1	6942	4631	11.98	56	46	346913	2	35	25	5350	2	711	29			
New York-Newark NY-NJ-CT	1998	16500	1	7112	4743	12.17	57	46	356044	2	36	26	5491	2	722	32			
New York-Newark NY-NJ-CT	1999	16650	1	7293	4864	12.43	62	48	397518	2	39	23	6281	2	819	26			
New York-Newark NY-NJ-CT	2000	17090	1	7588	5061	12.85	61	44	399418	2	38	32	6708	2	852	31			
New York-Newark NY-NJ-CT	2001	17200	1	7757	5174	13.22	60	44	398781	2	38	37	6863	2	866	36			
New York-Newark NY-NJ-CT	2002	17400	1	7969	5315	13.43	61	44	422702	2	40	34	7294	2	910	35			
New York-Newark NY-NJ-CT	2003	17700	1	8177	5454	13.73	64	44	494005	2	46	18	8697	2	1067	20			
New York-Newark NY-NJ-CT	2004	17850	1	8300	5536	14.1	68	48	547008	2	51	15	10109	2	1229	16			
New York-Newark NY-NJ-CT	2005	18000	1	8424	5619	14.58	68	48	603438	2	55	9	11736	1	1415	11			
New York-Newark NY-NJ-CT	2006	18220	1	8582	5724	15.06	68	49	597497	2	54	9	12132	2	1445	12			
New York-Newark NY-NJ-CT	2007	18400	1	8685	5793	15.47	69	49	581839	2	66	4	12203	2	1382	4	489908	58	"11,836.20"
New York-Newark NY-NJ-CT	2008	18675	1	8833	5892	16.1	68	49	512067	1	57	3	11036	1	1232	3	441919	50	"11,218.70"
New York-Newark NY-NJ-CT	2009	18768	1	8915	5946	16.01	70	51	528449	1	58	4	11384	1	1240	3	427987	48	"10,595.30"
New York-Newark NY-NJ-CT	2010	18852	1	8974	5985	16.3	72	52	541364	1	59	4	11778	1	1275	3	438461	49	"9,539.20"
New York-Newark NY-NJ-CT	2011	18946	1	9056	6040	16.79	72	52	544063	1	59	4	11837	1	1281	3	440647	49	"9,586.80"
Orlando FL	1982	610	46	253	235	7.2	29	49	5171	37	13	23	51	34	160	27			
Orlando FL	1983	630	44	265	246	7.43	34	50	6449	33	15	19	65	31	198	22			
Orlando FL	1984	650	43	275	255	7.75	36	51	7822	31	17	19	81	29	241	19			
Orlando FL	1985	675	43	288	267	8.03	39	51	9295	27	20	13	100	27	284	20			
Orlando FL	1986	690	43	296	275	8.18	40	51	9504	31	20	21	101	31	280	20			
Orlando FL	1987	760	42	329	306	8.48	45	55	12229	27	23	16	134	28	338	18			
Orlando FL	1988	785	41	342	318	8.83	51	56	15601	24	29	12	178	24	433	11			
Orlando FL	1989	805	40	354	329	9.25	58	62	18570	23	34	9	222	23	528	9			
Orlando FL	1990	860	38	381	354	9.75	59	61	20986	23	36	7	264	23	587	7			
Orlando FL	1991	910	38	410	380	10.17	61	61	24954	22	41	6	326	20	685	6			
Orlando FL	1992	935	38	428	398	10.47	61	61	25886	21	41	5	348	21	711	5			
Orlando FL	1993	965	37	449	417	10.78	59	61	25816	28	40	7	357	25	707	9			
Orlando FL	1994	995	36	471	437	11.06	59	60	28002	26	41	8	398	26	764	9			
Orlando FL	1995	1035	36	497	462	11.37	61	60	30185	27	43	10	441	27	815	11			
Orlando FL	1996	1065	36	520	483	11.71	63	60	33275	28	45	8	503	27	903	8			
Orlando FL	1997	1105	34	548	509	11.98	66	60	37217	26	49	8	569	26	984	9			
Orlando FL	1998	1120	35	564	524	12.17	68	60	39833	24	52	6	611	24	1044	7			
Orlando FL	1999	1140	35	584	542	12.43	69	64	41417	25	54	6	646	25	1084	7			
Orlando FL	2000	1185	35	617	574	12.85	70	63	44451	25	55	5	736	23	1188	7			
Orlando FL	2001	1230	34	651	604	13.22	71	67	48301	24	57	5	819	23	1273	5			
Orlando FL	2002	1260	34	678	630	13.43	71	67	47145	25	55	6	804	25	1220	10			
Orlando FL	2003	1290	34	704	654	13.73	69	65	46911	26	54	8	819	26	1213	13			
Orlando FL	2004	1320	34	725	673	14.1	68	65	46485	28	51	15	853	27	1235	15			
Orlando FL	2005	1360	33	751	697	14.58	70	66	47090	28	51	15	913	28	1283	19			
Orlando FL	2006	1375	33	765	710	15.06	72	68	47886	27	51	16	974	27	1355	19			
Orlando FL	2007	1405	33	787	731	15.47	74	69	48011	28	50	16	1013	25	1037	15	1824	2	45.6
Orlando FL	2008	1415	33	798	741	16.1	72	68	42030	26	43	17	918	26	931	18	1637	2	43.1
Orlando FL	2009	1429	33	809	751	16.01	81	76	47022	24	48	11	1029	23	1016	13	1719	2	44
Orlando FL	2010	1453	33	825	767	16.3	79	74	45912	26	44	14	1016	23	969	14	1678	2	37.1
Orlando FL	2011	1475	33	841	781	16.79	80	75	46607	25	45	13	1031	23	984	14	1704	2	37.7
Philadelphia PA-NJ-DE-MD	1982	4450	4	1687	1344	7.2	32	38	40644	6	14	20	386	6	176	22			
Philadelphia PA-NJ-DE-MD	1983	4460	4	1708	1361	7.43	34	38	42929	6	15	19	417	6	190	25			
Philadelphia PA-NJ-DE-MD	1984	4465	4	1723	1374	7.75	34	38	44086	8	15	27	444	7	203	30			
Philadelphia PA-NJ-DE-MD	1985	4470	4	1743	1389	8.03	35	38	50005	7	17	23	520	7	237	26			
Philadelphia PA-NJ-DE-MD	1986	4480	4	1761	1403	8.18	39	38	59911	7	21	18	617	7	280	20			
Philadelphia PA-NJ-DE-MD	1987	4500	4	1787	1424	8.48	42	38	65237	6	23	16	696	7	315	20			
Philadelphia PA-NJ-DE-MD	1988	4550	4	1825	1454	8.83	43	39	67588	8	23	20	745	8	334	22			
Philadelphia PA-NJ-DE-MD	1989	4565	4	1844	1470	9.25	43	39	67732	8	23	22	789	8	352	25			
Philadelphia PA-NJ-DE-MD	1990	4580	4	1869	1489	9.75	43	39	68499	9	23	29	847	9	377	32			
Philadelphia PA-NJ-DE-MD	1991	4590	4	1919	1529	10.17	41	43	70962	8	24	27	909	9	403	31			
Philadelphia PA-NJ-DE-MD	1992	4610	4	1973	1573	10.47	42	43	77994	9	26	26	1024	10	452	28			
Philadelphia PA-NJ-DE-MD	1993	4625	4	2026	1615	10.78	43	44	73612	10	24	43	989	11	435	46			
Philadelphia PA-NJ-DE-MD	1994	4640	4	2083	1660	11.06	44	44	78098	11	26	44	1075	11	472	49			
Philadelphia PA-NJ-DE-MD	1995	4670	4	2148	1712	11.37	44	44	82089	11	27	47	1176	11	513	48			
Philadelphia PA-NJ-DE-MD	1996	4725	4	2225	1774	11.71	46	45	85346	11	27	50	1268	11	546	49			
Philadelphia PA-NJ-DE-MD	1997	4800	4	2314	1844	11.98	51	45	96008	10	31	45	1444	11	613	48			
Philadelphia PA-NJ-DE-MD	1998	4875	4	2408	1919	12.17	53	46	109100	9	34	40	1642	8	686	39			
Philadelphia PA-NJ-DE-MD	1999	4950	4	2500	1992	12.43	55	46	114464	9	35	41	1766	9	726	40			
Philadelphia PA-NJ-DE-MD	2000	5040	4	2611	2081	12.85	55	46	118098	10	36	40	1923	10	777	41			
Philadelphia PA-NJ-DE-MD	2001	5125	4	2716	2165	13.22	59	51	134719	8	40	30	2253	8	896	32			
Philadelphia PA-NJ-DE-MD	2002	5200	4	2824	2250	13.43	63	52	147815	8	43	25	2482	8	972	24			
Philadelphia PA-NJ-DE-MD	2003	5285	4	2886	2300	13.73	63	52	155409	7	46	18	2688	8	1036	24			
Philadelphia PA-NJ-DE-MD	2004	5300	4	2910	2319	14.1	63	52	160148	7	47	21	2886	8	1109	24			
Philadelphia PA-NJ-DE-MD	2005	5300	5	2920	2327	14.58	63	52	166733	7	48	23	3186	8	1224	26			
Philadelphia PA-NJ-DE-MD	2006	5310	5	2942	2345	15.06	63	52	165844	7	48	22	3309	8	1269	25			
Philadelphia PA-NJ-DE-MD	2007	5310	5	2947	2349	15.47	63	52	165286	7	52	11	3395	7	1061	14	33222	14	795.6
Philadelphia PA-NJ-DE-MD	2008	5310	5	2952	2353	16.1	58	51	147980	8	47	10	3171	8	983	11	30492	13	774.1
Philadelphia PA-NJ-DE-MD	2009	5337	5	2978	2374	16.01	62	54	157309	7	49	10	3373	7	1024	11	30418	13	752.1
Philadelphia PA-NJ-DE-MD	2010	5365	5	2999	2390	16.3	61	54	155563	7	48	9	3377	7	1015	12	30077	13	652.9
Philadelphia PA-NJ-DE-MD	2011	5381	5	3019	2406	16.79	61	54	156027	7	48	9	3387	7	1018	12	30167	13	654.9
Pittsburgh PA	1982	1810	15	691	642	7.2	18	25	24454	11	23	4	224	12	264	7			
Pittsburgh PA	1983	1800	15	695	645	7.43	18	25	24442	11	23	4	230	11	273	11			
Pittsburgh PA	1984	1795	17	698	649	7.75	18	25	26399	11	24	6	258	11	307	9			
Pittsburgh PA	1985	1790	18	703	654	8.03	18	25	27221	13	25	6	275	14	327	8			
Pittsburgh PA	1986	1790	18	709	659	8.18	20	25	33402	12	30	5	335	12	398	5			
Pittsburgh PA	1987	1790	19	716	665	8.48	21	25	32461	15	30	6	336	15	400	8			
Pittsburgh PA	1988	1785	19	721	670	8.83	22	25	36665	14	34	7	394	14	470	9			
Pittsburgh PA	1989	1785	19	727	675	9.25	22	29	37833	14	35	7	427	14	510	10			
Pittsburgh PA	1990	1780	20	732	680	9.75	24	29	45060	14	41	6	543	14	650	6			
Pittsburgh PA	1991	1775	20	747	694	10.17	24	33	44466	15	41	6	553	15	663	7			
Pittsburgh PA	1992	1770	20	763	709	10.47	23	33	42139	15	39	7	535	15	645	11			
Pittsburgh PA	1993	1770	20	782	727	10.78	22	33	41586	14	39	9	543	14	653	12			
Pittsburgh PA	1994	1770	21	800	743	11.06	22	33	41461	16	39	11	555	16	667	15			
Pittsburgh PA	1995	1775	21	822	763	11.37	25	34	48678	15	45	7	677	15	813	12			
Pittsburgh PA	1996	1780	21	844	784	11.71	25	34	48742	15	45	8	701	15	839	13			
Pittsburgh PA	1997	1785	22	868	806	11.98	25	34	48102	16	44	12	703	16	839	14			
Pittsburgh PA	1998	1775	22	884	821	12.17	24	34	45902	21	43	14	676	22	811	19			
Pittsburgh PA	1999	1770	23	903	839	12.43	25	35	50580	21	46	13	767	21	923	17			
Pittsburgh PA	2000	1770	23	924	858	12.85	25	35	47266	22	44	18	750	22	904	24			
Pittsburgh PA	2001	1765	23	944	877	13.22	26	35	49659	23	46	16	811	24	980	21			
Pittsburgh PA	2002	1760	23	964	896	13.43	27	35	50739	24	48	16	833	24	1010	20			
Pittsburgh PA	2003	1760	24	972	903	13.73	25	31	50097	24	46	18	852	24	1031	26			
Pittsburgh PA	2004	1760	24	977	907	14.1	27	32	51564	24	48	19	914	24	1107	25			
Pittsburgh PA	2005	1760	24	980	911	14.58	26	32	49914	26	46	25	927	27	1122	32			
Pittsburgh PA	2006	1760	26	984	914	15.06	24	31	46306	29	43	34	904	29	1096	41			
Pittsburgh PA	2007	1760	26	986	916	15.47	24	31	47009	29	44	26	957	29	870	34	6017	7	146.9
Pittsburgh PA	2008	1760	26	987	917	16.1	22	30	41624	27	39	30	884	27	792	37	5461	6	141.9
Pittsburgh PA	2009	1760	26	991	921	16.01	24	33	45123	26	41	22	976	25	864	24	5556	6	140.6
Pittsburgh PA	2010	1759	26	1126	1046	16.3	25	34	46672	24	39	27	1006	24	825	32	5746	5	123.9
Pittsburgh PA	2011	1761	26	997	926	16.79	25	34	46725	24	39	28	1007	24	826	32	5753	6	124
San Francisco-Oakland CA	1982	3290	8	1296	1156	7.2	43	35	51936	4	24	2	499	4	303	4			
San Francisco-Oakland CA	1983	3310	8	1317	1175	7.43	45	35	60596	3	28	2	590	3	358	2			
San Francisco-Oakland CA	1984	3330	8	1339	1194	7.75	51	40	74349	3	35	2	750	3	451	2			
San Francisco-Oakland CA	1985	3350	8	1357	1210	8.03	59	45	98765	3	46	1	1022	3	611	1			
San Francisco-Oakland CA	1986	3435	8	1405	1253	8.18	63	50	116122	3	52	1	1182	3	690	2			
San Francisco-Oakland CA	1987	3520	8	1454	1297	8.48	67	52	136015	3	60	2	1434	3	817	2			
San Francisco-Oakland CA	1988	3610	7	1502	1340	8.83	73	57	157792	3	68	2	1716	3	952	2			
San Francisco-Oakland CA	1989	3620	7	1520	1356	9.25	75	57	164991	3	70	2	1877	3	1039	2			
San Francisco-Oakland CA	1990	3675	7	1558	1390	9.75	77	57	161356	3	68	2	1923	3	1049	2			
San Francisco-Oakland CA	1991	3725	7	1602	1429	10.17	76	57	147963	3	62	2	1831	3	985	2			
San Francisco-Oakland CA	1992	3805	7	1663	1483	10.47	76	57	150816	3	62	2	1941	3	1022	2			
San Francisco-Oakland CA	1993	3810	7	1692	1509	10.78	76	53	151676	3	62	2	2006	3	1055	3			
San Francisco-Oakland CA	1994	3820	7	1723	1537	11.06	76	53	142509	3	58	3	1928	4	1011	4			
San Francisco-Oakland CA	1995	3830	7	1750	1561	11.37	77	56	155797	4	63	2	2174	4	1137	3			
San Francisco-Oakland CA	1996	3840	7	1782	1589	11.71	79	58	161515	4	65	2	2315	4	1208	3			
San Francisco-Oakland CA	1997	3850	7	1817	1621	11.98	77	58	148832	4	60	3	2195	4	1142	5			
San Francisco-Oakland CA	1998	3870	8	1854	1654	12.17	78	58	159254	4	64	2	2353	4	1219	2			
San Francisco-Oakland CA	1999	3890	8	1891	1686	12.43	76	58	163226	4	65	2	2491	4	1283	2			
San Francisco-Oakland CA	2000	3900	8	1923	1715	12.85	77	58	183831	4	72	1	2933	4	1506	2			
San Francisco-Oakland CA	2001	3930	10	1969	1756	13.22	76	58	180722	4	71	2	2965	4	1512	2			
San Francisco-Oakland CA	2002	3920	10	1995	1780	13.43	77	58	192628	4	76	1	3166	4	1618	2			
San Francisco-Oakland CA	2003	3900	11	2012	1795	13.73	79	58	198837	4	78	1	3355	4	1724	2			
San Francisco-Oakland CA	2004	3880	11	2010	1793	14.1	81	58	206989	4	82	1	3675	4	1898	1			
San Francisco-Oakland CA	2005	3870	11	2012	1795	14.58	81	58	224164	4	89	1	4203	4	2176	1			
San Francisco-Oakland CA	2006	3860	11	2011	1794	15.06	82	60	224152	4	89	1	4392	4	2280	1			
San Francisco-Oakland CA	2007	3900	11	2036	1816	15.47	82	60	215978	4	86	1	4396	4	1716	1	53130	29	"1,237.40"
San Francisco-Oakland CA	2008	3960	10	2071	1847	16.1	78	58	152404	6	60	2	3209	6	1254	2	38429	21	940.9
San Francisco-Oakland CA	2009	4000	10	2100	1873	16.01	79	59	154767	8	60	2	3220	8	1221	4	36622	20	864.4
San Francisco-Oakland CA	2010	4058	10	2135	1904	16.3	79	58	153530	8	60	3	3245	8	1253	4	36330	19	767.8
San Francisco-Oakland CA	2011	4101	11	2165	1931	16.79	79	59	155157	8	61	2	3279	8	1266	4	36714	19	775.9
San Jose CA	1982	1300	24	540	501	7.2	42	33	16432	14	18	10	156	14	233	12			
San Jose CA	1983	1300	24	546	507	7.43	44	33	20213	13	22	7	195	14	291	8			
San Jose CA	1984	1310	24	554	515	7.75	46	36	23099	13	25	5	230	15	340	6			
San Jose CA	1985	1325	24	564	524	8.03	50	38	29014	12	31	4	296	12	433	4			
San Jose CA	1986	1340	24	575	534	8.18	53	38	33109	13	35	4	331	13	480	4			
San Jose CA	1987	1355	24	587	545	8.48	54	38	41657	11	44	3	430	13	615	3			
San Jose CA	1988	1370	24	597	555	8.83	57	39	45315	12	47	3	484	13	686	3			
San Jose CA	1989	1390	24	612	568	9.25	57	40	48288	12	50	3	541	12	755	3			
San Jose CA	1990	1410	24	625	580	9.75	57	40	46843	12	48	3	553	13	761	5			
San Jose CA	1991	1500	24	675	627	10.17	57	40	47040	13	45	5	576	14	744	5			
San Jose CA	1992	1505	24	689	640	10.47	56	40	43129	14	41	5	550	14	708	6			
San Jose CA	1993	1525	24	709	659	10.78	56	40	39668	15	37	12	519	15	661	11			
San Jose CA	1994	1540	24	728	677	11.06	56	40	43126	15	40	10	575	15	725	13			
San Jose CA	1995	1550	24	744	691	11.37	58	45	48220	16	45	7	665	16	832	9			
San Jose CA	1996	1595	24	778	723	11.71	58	45	48646	16	44	11	687	16	836	14			
San Jose CA	1997	1620	24	804	746	11.98	60	48	46987	18	42	15	681	19	816	16			
San Jose CA	1998	1650	24	832	773	12.17	61	48	51985	15	45	11	756	16	889	13			
San Jose CA	1999	1670	24	855	794	12.43	64	52	59964	15	51	8	900	15	1047	9			
San Jose CA	2000	1675	24	873	811	12.85	71	58	65026	14	55	5	1015	16	1176	8			
San Jose CA	2001	1675	24	886	823	13.22	72	58	67302	14	57	5	1089	16	1263	6			
San Jose CA	2002	1675	25	901	837	13.43	72	60	66551	15	56	5	1072	17	1243	8			
San Jose CA	2003	1675	25	915	850	13.73	74	61	68233	16	58	5	1123	17	1302	8			
San Jose CA	2004	1675	27	920	854	14.1	73	61	63636	18	54	7	1097	18	1272	12			
San Jose CA	2005	1675	27	925	859	14.58	76	63	66110	18	56	8	1198	19	1388	14			
San Jose CA	2006	1705	27	948	881	15.06	79	63	70433	18	59	6	1332	18	1515	10			
San Jose CA	2007	1705	27	955	887	15.47	81	68	68462	18	57	8	1342	18	1132	9	3149	4	71.2
San Jose CA	2008	1755	27	990	920	16.1	78	63	47762	23	40	28	977	23	810	34	2252	2	53.9
San Jose CA	2009	1783	25	1009	938	16.01	75	61	46184	25	36	36	934	27	746	39	2044	2	47.2
San Jose CA	2010	1814	25	1030	957	16.3	76	62	46766	23	38	29	958	26	790	35	2069	2	42.4
San Jose CA	2011	1838	25	1048	973	16.79	77	63	47385	23	39	28	971	26	800	35	2097	2	42.9
Seattle WA	1982	1860	14	755	682	7.2	25	27	13485	17	11	36	136	17	153	33			
Seattle WA	1983	1915	13	785	709	7.43	29	29	16661	15	14	26	172	15	189	26			
Seattle WA	1984	1975	13	818	738	7.75	34	31	21788	14	17	19	233	14	248	16			
Seattle WA	1985	2010	13	840	759	8.03	37	33	25146	14	19	18	277	13	289	16			
Seattle WA	1986	2050	13	863	779	8.18	41	38	29523	14	23	11	320	14	327	13			
Seattle WA	1987	2090	13	888	802	8.48	48	43	39555	13	29	7	443	11	445	6			
Seattle WA	1988	2130	14	914	825	8.83	52	48	49014	10	35	6	568	10	559	6			
Seattle WA	1989	2195	14	950	858	9.25	60	50	57177	10	40	5	697	10	666	5			
Seattle WA	1990	2250	14	983	888	9.75	65	54	64642	10	44	5	827	10	772	3			
Seattle WA	1991	2350	14	1043	942	10.17	65	54	69554	9	46	4	928	8	829	4			
Seattle WA	1992	2395	14	1080	975	10.47	66	53	74653	10	48	4	1025	8	899	4			
Seattle WA	1993	2435	14	1118	1009	10.78	66	55	80933	8	52	4	1139	8	983	4			
Seattle WA	1994	2490	14	1160	1048	11.06	68	55	82824	9	52	4	1190	8	1003	5			
Seattle WA	1995	2535	14	1202	1085	11.37	67	55	86424	10	53	5	1281	8	1062	5			
Seattle WA	1996	2570	13	1236	1116	11.71	67	54	87134	10	53	5	1331	10	1087	5			
Seattle WA	1997	2590	14	1267	1144	11.98	70	56	94076	11	56	5	1462	10	1186	4			
Seattle WA	1998	2625	14	1305	1178	12.17	70	55	95098	11	56	5	1479	11	1183	4			
Seattle WA	1999	2655	15	1341	1211	12.43	68	52	95115	12	56	5	1526	11	1207	5			
Seattle WA	2000	2685	15	1380	1246	12.85	68	51	91735	12	53	7	1546	12	1210	6			
Seattle WA	2001	2740	15	1430	1292	13.22	66	48	88727	13	51	10	1534	13	1175	9			
Seattle WA	2002	2810	15	1492	1347	13.43	66	48	90155	13	49	14	1565	13	1169	11			
Seattle WA	2003	2900	14	1563	1411	13.73	69	48	96523	13	52	14	1719	13	1246	10			
Seattle WA	2004	2965	14	1604	1448	14.1	68	47	98210	13	52	11	1824	13	1292	11			
Seattle WA	2005	3005	14	1632	1473	14.58	70	51	107583	13	55	9	2100	13	1468	9			
Seattle WA	2006	3050	14	1665	1504	15.06	66	51	106967	13	54	9	2206	13	1519	9			
Seattle WA	2007	3100	14	1696	1531	15.47	66	51	105646	13	53	10	2256	13	1119	10	17960	12	441.8
Seattle WA	2008	3140	14	1721	1554	16.1	64	47	101091	13	51	8	2226	13	1091	8	17615	11	452.2
Seattle WA	2009	3187	14	1753	1583	16.01	62	45	97752	13	47	12	2143	13	1018	12	15985	10	399.9
Seattle WA	2010	3237	14	1803	1628	16.3	63	46	99299	13	47	10	2208	13	1034	10	16238	10	361
Seattle WA	2011	3286	14	1837	1659	16.79	64	47	100802	13	48	9	2241	13	1050	10	16483	10	366.5
Washington DC-VA-MD	1982	2700	9	1266	1086	7.2	36	44	29220	9	18	10	272	9	226	13			
Washington DC-VA-MD	1983	2780	9	1318	1131	7.43	40	45	33579	8	20	11	319	8	257	12			
Washington DC-VA-MD	1984	2810	9	1343	1152	7.75	48	50	44543	7	26	4	440	8	351	4			
Washington DC-VA-MD	1985	2860	9	1379	1183	8.03	55	55	55996	5	32	3	570	5	448	3			
Washington DC-VA-MD	1986	2920	9	1422	1220	8.18	63	56	67013	5	38	3	673	5	518	3			
Washington DC-VA-MD	1987	2980	10	1463	1255	8.48	63	56	73744	5	41	4	768	5	578	4			
Washington DC-VA-MD	1988	3040	10	1505	1291	8.83	67	61	80808	5	44	4	867	6	640	4			
Washington DC-VA-MD	1989	3080	10	1540	1321	9.25	69	62	87687	5	47	4	992	6	723	4			
Washington DC-VA-MD	1990	3100	10	1566	1343	9.75	66	61	88892	6	47	4	1055	6	764	4			
Washington DC-VA-MD	1991	3250	10	1638	1405	10.17	67	61	98855	5	51	3	1229	6	849	3			
Washington DC-VA-MD	1992	3300	10	1660	1424	10.47	70	61	116535	5	59	3	1486	5	1011	3			
Washington DC-VA-MD	1993	3420	9	1717	1473	10.78	69	61	123079	5	60	3	1615	5	1060	2			
Washington DC-VA-MD	1994	3480	9	1743	1496	11.06	70	61	128595	5	61	2	1730	5	1116	2			
Washington DC-VA-MD	1995	3510	9	1759	1509	11.37	71	58	131762	5	62	3	1835	5	1174	2			
Washington DC-VA-MD	1996	3570	10	1785	1532	11.71	73	59	140298	5	65	2	2021	5	1271	2			
Washington DC-VA-MD	1997	3660	10	1826	1567	11.98	73	59	139781	5	63	2	2040	5	1251	3			
Washington DC-VA-MD	1998	3800	10	1892	1624	12.17	71	59	135321	5	59	3	1984	5	1171	5			
Washington DC-VA-MD	1999	3885	9	1935	1660	12.43	73	59	146909	5	62	3	2181	5	1260	3			
Washington DC-VA-MD	2000	3900	8	1938	1663	12.85	74	59	152081	5	65	3	2407	5	1385	4			
Washington DC-VA-MD	2001	4030	7	1999	1715	13.22	79	63	164059	5	68	3	2670	5	1488	3			
Washington DC-VA-MD	2002	4185	7	2072	1777	13.43	80	63	176453	5	69	3	2877	5	1543	3			
Washington DC-VA-MD	2003	4250	7	2100	1801	13.73	81	63	187503	5	73	3	3139	5	1657	3			
Washington DC-VA-MD	2004	4275	7	2120	1819	14.1	81	63	189843	5	74	3	3313	5	1739	3			
Washington DC-VA-MD	2005	4280	7	2131	1829	14.58	81	63	191371	5	74	3	3519	6	1845	4			
Washington DC-VA-MD	2006	4300	7	2154	1848	15.06	81	63	188581	5	73	3	3630	6	1895	3			
Washington DC-VA-MD	2007	4330	7	2174	1865	15.47	81	63	197935	5	79	2	3995	5	1594	2	38795	21	887.3
Washington DC-VA-MD	2008	4375	7	2201	1888	16.1	78	63	164471	4	65	1	3440	4	1352	1	33044	18	789.8
Washington DC-VA-MD	2009	4454	7	2249	1930	16.01	80	65	169156	5	64	1	3502	5	1328	1	31893	17	738.5
Washington DC-VA-MD	2010	4536	7	2295	1969	16.3	84	68	176338	4	66	1	3708	4	1375	1	33245	17	699.1
Washington DC-VA-MD	2011	4613	7	2343	2011	16.79	85	69	179331	4	67	1	3771	4	1398	1	33810	17	711
